month,cluster,n,support,total_rub,total_yoy_pct,share_Продовольствие,share_Здоровье,share_Маркетплейсы,share_Общественное питание,share_Транспорт,share_Прочие расходы
2024-01,0,1259,1.0,19172.0,2.645693656523984,0.48462104488594554,0.05398790006003787,0.14566855577006912,0.016342616920651604,0.05246658248791745,0.2409696650885499
2024-01,1,452,1.0,27485.0,15.24971116810805,0.4162603019512767,0.054924511531236064,0.12428050230487,0.04382082577537555,0.06547905418323509,0.2961866186961482
2024-01,2,305,1.0,41894.0,15.49715524248172,0.33462721893491126,0.05825709057639524,0.12131023463123371,0.07553487046755158,0.0735469983257594,0.33436957118039684
2024-02,0,1256,1.0,21496.0,7.538793402639998,0.4743159910120766,0.051603889416534626,0.15945273568684964,0.015608874029845659,0.04725831323157584,0.24678501720190288
2024-02,1,446,1.0,29576.5,18.69668793144712,0.40986390143508644,0.05375023369800991,0.13668462711551538,0.04121229896922003,0.059140148928903305,0.2999546875609329
2024-02,2,314,1.0,44361.0,19.743792425767825,0.33058630595378735,0.060593038036907826,0.12848950575205648,0.07338888359451479,0.06805281622211912,0.33786837503049594
2024-03,0,1211,1.0,23405.0,8.960413251875021,0.47418462377742276,0.048849326964828486,0.16136070172313993,0.01620909290577641,0.04592223545976389,0.24836252486536314
2024-03,1,499,1.0,32835.0,18.66118614210217,0.4104341714322226,0.04972104182927182,0.1338546905928546,0.0415002086935782,0.05678806143567772,0.3056122730533635
2024-03,2,306,0.8888888888888888,49601.0,20.28704933409594,0.32758507102221796,0.05951474447500626,0.1280562910174155,0.07437806095780221,0.06630344845442906,0.34159514256909546
2024-04,0,1125,1.0,22930.0,17.754266458929678,0.47659334461364916,0.047408063801506424,0.16228053176233478,0.01553195919217156,0.047462154942119326,0.2471687786805877
2024-04,1,597,1.0,31479.0,21.4068175980626,0.4140024698133919,0.04854501882916809,0.13279628951544,0.039688070350091254,0.05844376486578321,0.30196763254614495
2024-04,2,294,0.8888888888888888,48730.5,19.388888392848102,0.32483190241433507,0.060696704867467005,0.12558368747332654,0.0753352866196315,0.07211639168293119,0.3393094129004177
2024-05,0,1265,1.0,23575.0,15.943733764642465,0.4890922768304915,0.04334571254365057,0.15356253591266042,0.016756483664533514,0.048300351651382474,0.24515933844292054
2024-05,1,453,1.0,32484.0,18.66235987079612,0.4146557247017908,0.046074548997422846,0.13358453473132373,0.04478138222849083,0.06210816956309891,0.29354207436399216
2024-05,2,298,1.0,49487.5,18.606417071078997,0.33366200476253205,0.05528325949009312,0.12267201432980228,0.07831965588371623,0.07259272070090275,0.3342268299956107
2024-06,0,1259,1.0,23855.0,16.983600837404044,0.48667650714729643,0.03930309598789416,0.1538937980014865,0.019373173758155546,0.05018087375939152,0.24513905980802364
2024-06,1,456,1.0,32716.5,20.54149589297778,0.41145163873707546,0.04312188362912461,0.13485699515016034,0.04837287549778631,0.06411220111895097,0.29494809409743417
2024-06,2,301,1.0,49930.0,19.144281362503456,0.3293618048986656,0.05168950498200115,0.12194023420671288,0.08261952966827597,0.07553529426028759,0.33681419759766257
2024-07,0,1207,1.0,24162.0,14.981901314536096,0.48250028377918197,0.039991334488734834,0.15981257582730202,0.021076573161485975,0.05250631435787838,0.23728635472121043
2024-07,1,506,1.0,33554.5,18.60134709199238,0.4129618832011578,0.043385757864069764,0.1356849614483001,0.04962741210584302,0.06734661290547798,0.2859912136662516
2024-07,2,303,1.0,50930.0,17.502574353383004,0.3233358136340221,0.0515053161723559,0.12169884756317519,0.0829310613307232,0.07875824897211761,0.33836755472594604
2024-08,0,1242,1.0,24490.0,15.95009272702712,0.4476613185722885,0.040915985606838345,0.17816118277732568,0.021555745168369785,0.053734174611212396,0.2564829248336573
2024-08,1,465,1.0,35402.0,17.301946582163886,0.387131443403496,0.04265402843601896,0.1351406912501606,0.05148194271481943,0.06559078897697244,0.314585152838428
2024-08,2,309,1.0,50753.0,15.806108016553466,0.30862907439411597,0.051583198392414695,0.12348442868225645,0.08305438130033092,0.07742489270386266,0.3524376029902335
2024-09,0,703,0.8888888888888888,22048.0,13.068181818181813,0.4513421970577827,0.04931257811612317,0.1963787594461632,0.017598511206408287,0.050861685842674434,0.22895622895622897
2024-09,1,1030,0.5555555555555556,27963.0,15.714362462772646,0.41426982164038206,0.04803641116687418,0.1553803069038031,0.03432629166150415,0.06115726415012735,0.2841349991767376
2024-09,2,283,1.0,48983.0,13.997949460225566,0.3079573128477241,0.056993027142280876,0.13043818772761093,0.08182349503214495,0.07598711418745374,0.3443771968137102
2024-10,0,1262,1.0,23933.0,17.48256342399197,0.44216150761896295,0.04872580307047876,0.19187856449755036,0.018357102462089943,0.051035728252386295,0.24411978895324965
2024-10,1,456,1.0,34314.0,17.41601897678907,0.3817097823626481,0.05196669435712248,0.16072470069443986,0.044862224957506275,0.06408324966200618,0.29389585078717295
2024-10,2,298,1.0,50835.5,14.565406398474046,0.3046177385050658,0.059740756236657186,0.14089700034647223,0.07705715985234315,0.07427804053212303,0.3389192096741162
2024-11,0,1277,1.0,23914.0,13.82214515729503,0.4340104937441141,0.046536310568641055,0.20807738814993954,0.016565706515020397,0.048332110646010444,0.24041349444716073
2024-11,1,481,0.8888888888888888,35302.0,15.503112580452294,0.3766704416761042,0.05022424717021428,0.17603818372087088,0.043494423791821564,0.061416691714257086,0.2919586347197107
2024-11,2,258,1.0,52461.0,13.230606115246745,0.30196338673980283,0.058665740445972246,0.15207600890686856,0.0747770379304323,0.07081559723080363,0.3369728885330049
2024-12,0,1098,1.0,27658.5,13.121847581560374,0.44836756689380824,0.04081448694027639,0.21155961884808433,0.013137077215725053,0.04322801242063161,0.2380150736579637
2024-12,1,610,0.8888888888888888,39715.0,15.857733789952754,0.40135792545420085,0.040906261511720124,0.1741700952494798,0.03330924188781293,0.053059303181818396,0.29353482072707027
2024-12,2,308,1.0,59604.0,15.192266705033763,0.32130508393848733,0.05142668497788715,0.16148160580012594,0.06537998206299978,0.06458349165035972,0.3327130509696838
