from_month,to_month,from_cluster,to_cluster,count
2024-01,2024-02,0,0,1214
2024-01,2024-02,0,1,44
2024-01,2024-02,0,2,1
2024-01,2024-02,1,0,42
2024-01,2024-02,1,1,398
2024-01,2024-02,1,2,12
2024-01,2024-02,2,1,4
2024-01,2024-02,2,2,301
2024-02,2024-03,0,0,1173
2024-02,2024-03,0,1,83
2024-02,2024-03,1,0,38
2024-02,2024-03,1,1,399
2024-02,2024-03,1,2,9
2024-02,2024-03,2,1,17
2024-02,2024-03,2,2,297
2024-03,2024-04,0,0,1096
2024-03,2024-04,0,1,115
2024-03,2024-04,1,0,29
2024-03,2024-04,1,1,466
2024-03,2024-04,1,2,4
2024-03,2024-04,2,1,16
2024-03,2024-04,2,2,290
2024-04,2024-05,0,0,1108
2024-04,2024-05,0,1,17
2024-04,2024-05,1,0,157
2024-04,2024-05,1,1,433
2024-04,2024-05,1,2,7
2024-04,2024-05,2,1,3
2024-04,2024-05,2,2,291
2024-05,2024-06,0,0,1217
2024-05,2024-06,0,1,48
2024-05,2024-06,1,0,42
2024-05,2024-06,1,1,398
2024-05,2024-06,1,2,13
2024-05,2024-06,2,1,10
2024-05,2024-06,2,2,288
2024-06,2024-07,0,0,1175
2024-06,2024-07,0,1,84
2024-06,2024-07,1,0,32
2024-06,2024-07,1,1,412
2024-06,2024-07,1,2,12
2024-06,2024-07,2,1,10
2024-06,2024-07,2,2,291
2024-07,2024-08,0,0,1114
2024-07,2024-08,0,1,93
2024-07,2024-08,1,0,128
2024-07,2024-08,1,1,365
2024-07,2024-08,1,2,13
2024-07,2024-08,2,1,7
2024-07,2024-08,2,2,296
2024-08,2024-09,0,0,702
2024-08,2024-09,0,1,540
2024-08,2024-09,1,0,1
2024-08,2024-09,1,1,457
2024-08,2024-09,1,2,7
2024-08,2024-09,2,1,33
2024-08,2024-09,2,2,276
2024-09,2024-10,0,0,694
2024-09,2024-10,0,1,9
2024-09,2024-10,1,0,568
2024-09,2024-10,1,1,436
2024-09,2024-10,1,2,26
2024-09,2024-10,2,1,11
2024-09,2024-10,2,2,272
2024-10,2024-11,0,0,1229
2024-10,2024-11,0,1,33
2024-10,2024-11,1,0,47
2024-10,2024-11,1,1,408
2024-10,2024-11,1,2,1
2024-10,2024-11,2,0,1
2024-10,2024-11,2,1,40
2024-10,2024-11,2,2,257
2024-11,2024-12,0,0,1089
2024-11,2024-12,0,1,187
2024-11,2024-12,0,2,1
2024-11,2024-12,1,0,9
2024-11,2024-12,1,1,423
2024-11,2024-12,1,2,49
2024-11,2024-12,2,2,258
