candidate,month,clusters,minimum_size,maximum_size,SW,CH,CH_per_N,S_Dbw,AVI,AVU,MQ,seconds
Leiden_profile_k20_r0.4,2024-01,4,326,808,0.08862699944949758,340.11961722020436,0.16871012758938708,0.7011931024741996,0.781427484855763,0.6158225180609699,0.5311827792986288,0.29887890299994524
Leiden_profile_k20_r0.8,2024-01,9,119,351,0.0012503169501878535,167.82679323076042,0.08324741727716291,0.7876964931865666,0.5801432778995973,0.5399031357252321,0.4860428159492022,0.3529292629999645
Leiden_profile_k20_r1.2,2024-01,13,50,236,-0.010410365364861856,131.65388292379103,0.06530450541854714,0.6548529782852471,0.5216819955262111,0.5153039584316935,0.4586033994570731,0.42976826000005985
Leiden_profile_k40_r0.4,2024-01,4,260,708,0.06735129340187974,346.16715438220365,0.17170989800704545,0.8430392327801285,0.8039733264413438,0.6021072682316335,0.5393072166827746,0.4860850860000028
Leiden_profile_k40_r0.8,2024-01,7,206,383,0.014661433508613137,222.14525293873785,0.110191097687866,inf,0.6277309901253586,0.5600190679714148,0.5077088191843802,0.6860136340000054
Leiden_profile_k40_r1.2,2024-01,11,98,337,-0.004671563389509133,152.25790606694326,0.07552475499352344,inf,0.5527280840582726,0.5508655327560888,0.477262272168176,0.5844880450000574
Leiden_growth_k20_r0.4,2024-01,3,343,1288,0.13601086617069771,501.78638341784045,0.24890197590170657,0.7720848846241226,0.8318878505099164,0.6666666666666666,0.4780585874882417,0.32467243000007784
Leiden_growth_k20_r0.8,2024-01,6,103,575,0.04769616763803946,308.7646611420079,0.1531570739791706,0.7220394274139684,0.6701988430340741,0.6253434924291456,0.5194185379435157,0.386767528000064
Leiden_growth_k20_r1.2,2024-01,8,88,482,0.029365722639616138,244.82025615054775,0.1214386191222955,0.5356358157232959,0.5894414454953085,0.5883708356632327,0.4997896623104714,0.4519952269999976
Leiden_growth_k40_r0.4,2024-01,3,356,1234,0.15336481008136005,528.2388496068825,0.26202323889230283,0.748703006257181,0.853871659466526,0.6666666666666666,0.5014911398266089,0.6426604659999384
Leiden_growth_k40_r0.8,2024-01,5,290,549,0.08005884739841095,390.40348368610967,0.19365252166969726,inf,0.7451341287533383,0.6717226351219587,0.5515621718343864,0.4992036830000188
Leiden_growth_k40_r1.2,2024-01,7,146,496,0.028875680435751568,273.459715847772,0.13564470032131545,inf,0.6452612251580988,0.624858052356771,0.51225063435674,0.6358348630000137
Leiden_combined_k20_r0.4,2024-01,3,246,1277,0.1850802246256947,554.0667522290755,0.27483469852632714,0.5787239491388686,0.9322379286231651,0.6666666666666669,0.548437261662813,0.40317548400003034
Leiden_combined_k20_r0.8,2024-01,6,151,502,0.06545644237699715,352.5101438224788,0.17485622213416607,0.5721354334591447,0.807240469237251,0.6232389983996404,0.6311804707675777,0.42558582000003753
Leiden_combined_k20_r1.2,2024-01,10,77,329,0.0592353673071145,249.3633127531528,0.12369211942120674,0.46797406395094354,0.7079371874913194,0.5756944112513753,0.6073046951733276,0.4633989520000341
Leiden_combined_k40_r0.4,2024-01,3,305,1259,0.19651429544006385,570.7759927715755,0.2831230122874878,0.5929686522453381,0.9284105484602336,0.6666666666666671,0.5546080370403366,0.7542777369999385
Leiden_combined_k40_r0.8,2024-01,4,305,657,0.14131810487952423,516.8847250123838,0.25639123264503166,0.6121902123311945,0.8762171816156783,0.6942169775717048,0.6212473572658532,0.7576265709999461
Leiden_combined_k40_r1.2,2024-01,7,69,493,0.08039917561421006,316.97955562733523,0.15723192243419407,inf,0.7715627670736576,0.5868642413138317,0.629409541538049,0.6347428860000264
KMeans_4,2024-01,4,103,725,0.22624294556611754,589.1116823788886,0.29221809641809954,0.7034131447378031,0.7782137336781664,0.5353098946361737,0.5249626411134896,0.06428045099994506
KMeans_6,2024-01,6,81,500,0.15976073758169315,449.92417092341503,0.2231766720850273,0.5985291323767148,0.7536160796497753,0.5384495152219771,0.6061558233626837,0.07117873799995778
KMeans_8,2024-01,8,52,401,0.15084005919470717,376.3576926291132,0.18668536340729822,0.6816954469667382,0.6769889224623664,0.4752400583774738,0.593779924042972,0.07599494299995513
Ward_4,2024-01,4,66,774,0.20449553562566922,474.5275688049712,0.23538073849452937,0.9897514988215474,0.7284279458597632,0.52136241249263,0.49749805600076674,0.13147378300004675
Ward_6,2024-01,6,66,700,0.16703735746965112,368.1128169075551,0.182595643307319,0.8666076513042783,0.6514406832402447,0.45619434307475465,0.4961133847456785,0.08967673300003298
Ward_8,2024-01,8,63,700,0.11358445282176273,311.9101615294044,0.1547173420284744,0.7773417461828417,0.6337729626950541,0.44514734357862507,0.5587227793629971,0.08436994700002742
Leiden_profile_k20_r0.4,2024-03,5,243,593,0.0614841183001922,284.8689646519856,0.14130404992658016,0.7115205312644092,0.7298056634408105,0.5635582442943601,0.5298346304933284,0.28725979099999677
Leiden_profile_k20_r0.8,2024-03,9,64,330,0.020961675481344113,181.84131394201225,0.09019906445536321,0.6823300433297442,0.6119631040220193,0.5455989462608181,0.4998057100340104,0.47703214499995283
Leiden_profile_k20_r1.2,2024-03,12,64,259,0.00274631968574068,140.97102820385592,0.06992610525984917,0.6615889350646276,0.5472433696643769,0.5265803467332136,0.45978913286785195,0.35313324799994916
Leiden_profile_k40_r0.4,2024-03,3,261,979,0.13548774963459126,458.4474972312679,0.22740451251550986,0.9714830712626792,0.8828892600572572,0.6666666666666666,0.517341783827241,0.5848975629999131
Leiden_profile_k40_r0.8,2024-03,6,258,410,0.051690051644739304,258.62361549847594,0.12828552356075196,0.6665446195323049,0.6822027098254791,0.5615861746839277,0.5299274219626198,0.6354415289999906
Leiden_profile_k40_r1.2,2024-03,10,96,305,-0.023771177634945892,169.45682738405245,0.08405596596431172,0.6417098913771855,0.5728479566031599,0.5763144699424892,0.495144250808382,0.6782537310000407
Leiden_growth_k20_r0.4,2024-03,3,318,1262,0.13792154300871345,447.0798212832482,0.22176578436669056,0.8494520575254532,0.8535679149106526,0.6666666666666666,0.494190397542972,0.370123905000014
Leiden_growth_k20_r0.8,2024-03,5,270,618,0.06742763581123803,354.96224950831254,0.17607254439896455,0.6613894012015678,0.7285686120225172,0.6332594775056594,0.5424047313907296,0.31752264900001137
Leiden_growth_k20_r1.2,2024-03,10,67,298,0.028428874605498936,224.22294055016,0.11122169670146825,inf,0.5609546416480105,0.5391559699417555,0.47835192512347324,0.4051685990000351
Leiden_growth_k40_r0.4,2024-03,3,319,1269,0.13824036757746092,450.0097946547693,0.2232191441739927,0.8356195373463882,0.8535048484807745,0.6666666666666666,0.4935843747845034,0.5117015719999927
Leiden_growth_k40_r0.8,2024-03,4,319,682,0.0918056779088471,419.9338757529801,0.208300533607629,0.8291171570563826,0.8056256125916488,0.7061424636120355,0.5485124676894915,0.5765768619999108
Leiden_growth_k40_r1.2,2024-03,7,138,381,0.041963427653927333,295.2196120464624,0.1464382996262214,0.5986520293085895,0.6486733507313779,0.5831381703145274,0.5264353347946472,0.7257255590000113
Leiden_combined_k20_r0.4,2024-03,3,259,1179,0.19262942786811163,560.849333800031,0.27819907430557095,0.6813539851755976,0.9266154997139222,0.6666666666666664,0.555631890227942,0.3247294850000344
Leiden_combined_k20_r0.8,2024-03,7,139,449,0.09942387226337353,333.87435934575575,0.16561228142150583,0.6735195354536757,0.7832397582443299,0.584508373644996,0.6370349036967073,0.4017577810000148
Leiden_combined_k20_r1.2,2024-03,9,64,385,0.07070404931855223,275.29919307809763,0.13655713942365955,0.5410653692861044,0.7393882168226514,0.5715866665384789,0.6272524165205641,0.40321411500008253
Leiden_combined_k40_r0.4,2024-03,3,306,1211,0.20280331699499007,569.9192682992672,0.2826980497516206,0.6601072235837262,0.9254525610825706,0.6666666666666666,0.5557489478618111,0.618576652999991
Leiden_combined_k40_r0.8,2024-03,4,310,717,0.14710349333032702,481.3099098664586,0.23874499497344176,0.6179580375580637,0.8677005520280389,0.6730841617710951,0.6130578880737718,0.6245111890000317
Leiden_combined_k40_r1.2,2024-03,8,148,371,0.09094342339335941,318.55556990520756,0.15801367554821805,0.6118314807058763,0.7588448104806271,0.5785846948907922,0.6346838355584341,1.1867009559999815
KMeans_4,2024-03,4,144,760,0.22300118340158828,577.3825677959275,0.28640008323210686,0.7613370938100028,0.7876355841575253,0.5498331228770572,0.5253838478299697,0.06301512299990009
KMeans_6,2024-03,6,93,640,0.17249079135088463,437.73058886347184,0.2171282682854523,0.6502560398363136,0.7388189174667681,0.5345256540799088,0.5929341876595375,0.0819656109999869
KMeans_8,2024-03,8,44,388,0.15655282891211555,370.9984209150459,0.1840269945015109,0.6370760286250633,0.6969878032479524,0.48239128079242705,0.5985380057672397,0.07722420499999316
Ward_4,2024-03,4,123,1085,0.22468552349225693,494.34864288103654,0.24521262047670464,1.0612918038644592,0.7767397239441023,0.5346473178106128,0.4772178860757229,0.10489635600004021
Ward_6,2024-03,6,31,567,0.16397365863116148,375.55584063334703,0.1862876193617793,0.9102519978932094,0.6879776073349501,0.4264273294985383,0.5069691842962428,0.1024452179999571
Ward_8,2024-03,8,31,567,0.10198126743704658,316.1383827415258,0.15681467397893145,0.716300366696154,0.6728479229384849,0.4597476581218001,0.554820286453185,0.09550091000005523
Leiden_profile_k20_r0.4,2024-06,5,109,720,0.048602253242632426,219.21125038178778,0.10873573927668044,0.8228502507689028,0.7896714526087039,0.6226540926011561,0.5350411042184524,0.35079200300003777
Leiden_profile_k20_r0.8,2024-06,8,109,420,0.04140482271140592,180.22644636811128,0.08939803887307107,0.7401523492083539,0.6588959920932365,0.5475797776861575,0.5205667533227003,0.6132600079999975
Leiden_profile_k20_r1.2,2024-06,13,60,226,0.020837523743574355,121.85953595284673,0.06044619838930889,inf,0.5477527806124942,0.5236004693987387,0.47253051674431434,0.3860347450000745
Leiden_profile_k40_r0.4,2024-06,4,111,782,0.08104151168319416,277.30507739043054,0.1375521217214437,inf,0.8299138752473162,0.6230298469757757,0.5276473709225356,0.5756937749999906
Leiden_profile_k40_r0.8,2024-06,7,112,472,0.026837786012393,172.02796828377382,0.08533133347409415,0.693581944751785,0.6879854893254388,0.5926460457378772,0.5257182854931379,0.502621266999995
Leiden_profile_k40_r1.2,2024-06,10,101,310,0.028250273713566768,140.48415542526678,0.06968460090539026,0.7877238893105907,0.5766296422365402,0.5483110602959188,0.49893062569968555,0.5150075280000692
Leiden_growth_k20_r0.4,2024-06,4,307,716,0.03178433234376353,178.86361912672933,0.08872203329698876,inf,0.6541546725100509,0.630237319096532,0.4085584584027235,0.46732910000002903
Leiden_growth_k20_r0.8,2024-06,7,81,569,-0.02639506321810293,131.70812473549984,0.06533141107911698,inf,0.5427846211908866,0.5302133402289263,0.41868692360546056,0.39641802799997095
Leiden_growth_k20_r1.2,2024-06,11,83,316,-0.03214951807583592,114.34145509568582,0.05671699161492352,inf,0.45494368659317624,0.5155403687628625,0.3660375803484736,0.5339624300000878
Leiden_growth_k40_r0.4,2024-06,3,544,801,0.11171976824512254,279.2645481762946,0.13852408143665407,1.391304223974784,0.7784665624594141,0.6666666666666666,0.444558359658043,0.6933770199999572
Leiden_growth_k40_r0.8,2024-06,6,104,638,-0.02194614663720272,143.22859421834366,0.07104592967179744,inf,0.5590406728232619,0.5392750031611514,0.42139354092236675,0.6718487329999334
Leiden_growth_k40_r1.2,2024-06,9,117,359,-0.013066829430215325,121.23309271310417,0.060135462655309606,inf,0.49993859352127273,0.5319675068400981,0.3926460376277853,0.919835727000077
Leiden_combined_k20_r0.4,2024-06,3,242,1301,0.09959011808457041,343.9294920066801,0.17059994643188497,0.7336569947083176,0.9062936572237154,0.6666666666666655,0.517622238034594,0.3476429500000222
Leiden_combined_k20_r0.8,2024-06,7,62,603,0.034894246760877386,212.09257247212105,0.10520464904371084,0.5173081294115165,0.7361566627734427,0.5541300371736633,0.6023450511041544,0.5116124009999794
Leiden_combined_k20_r1.2,2024-06,11,63,399,0.019313323197528365,170.67451013645962,0.084659975266101,0.486085577237743,0.6729531500584067,0.546541424528093,0.5906436487456054,0.424426359999984
Leiden_combined_k40_r0.4,2024-06,3,301,1259,0.10712842061139607,356.1237963384979,0.17664870850123904,0.7981877033268443,0.9036911291097338,0.6666666666666666,0.5308410494912408,0.6416655250000076
Leiden_combined_k40_r0.8,2024-06,5,248,569,0.08330922505230123,298.4680267876977,0.14804961646215162,0.6847130490808916,0.8003444918603966,0.5598033756293026,0.6024233308784163,0.7099695679999058
Leiden_combined_k40_r1.2,2024-06,8,106,506,0.07118557311682207,220.71327218287846,0.1094807897732532,0.5953993135603165,0.7172809003648337,0.5671511053767623,0.6014744801699016,0.7293076899999278
KMeans_4,2024-06,4,118,846,0.1914488051689074,438.18830523417233,0.21735531013599818,inf,0.7825222225552129,0.5221044411221301,0.49914889971504983,0.05577109000000746
KMeans_6,2024-06,6,76,483,0.1589234408714643,354.27750820045105,0.17573289097244596,0.7043294974761296,0.7415249301336629,0.4746481775311573,0.5653948359536614,0.07211751300008018
KMeans_8,2024-06,8,61,445,0.16496341800292708,303.5815099327958,0.15058606643491856,0.6841177621725064,0.6632608890620597,0.4234633751720033,0.5572642537775732,0.08253902199999175
Ward_4,2024-06,4,57,865,0.18212413351417708,364.58295476092695,0.18084471962347567,inf,0.763465371016131,0.5096612969773116,0.4683419089084936,0.09479129999999714
Ward_6,2024-06,6,57,865,0.11345065298069847,281.8091510977412,0.13978628526673673,0.8532918341635024,0.7039690374992992,0.46276319694572404,0.5203170789864437,0.08293821200004459
Ward_8,2024-06,8,35,668,0.10913963622017324,243.09709202242163,0.12058387501112185,0.8464260000161137,0.6145804937179538,0.40654966915727553,0.5173809315765505,0.10269654100000025
