month,stage,candidate,clusters,minimum_size,maximum_size,SW,CH,CH_per_N,S_Dbw,AVI,AVU,MQ
2024-01,development,Leiden_combined_k40_r0.4,3,305,1259,0.19651429544006385,570.7759927715755,0.2831230122874878,0.5929686522453381,0.9284105484602336,0.6666666666666671,0.5546080370403366
2024-01,development,KMeans_6,6,81,500,0.15976073758169315,449.92417092341503,0.2231766720850273,0.5985291323767148,0.7536160796497753,0.5384495152219771,0.6061558233626837
2024-01,development,KMeans_8,8,52,401,0.15084005919470717,376.3576926291132,0.18668536340729822,0.6816954469667382,0.6769889224623664,0.4752400583774738,0.593779924042972
2024-02,descriptive,Leiden_combined_k40_r0.4,3,314,1256,0.19269536729323614,563.6263393394598,0.27957655721203367,0.614215494207916,0.9298015334572657,0.6666666666666654,0.5554520064270766
2024-02,descriptive,KMeans_6,6,101,723,0.17451897335678343,450.6600210498222,0.22354167710804673,0.701100395408195,0.7541600201878844,0.5319613664288232,0.5943475749767071
2024-02,descriptive,KMeans_8,8,55,382,0.14767511786207257,378.9663649367317,0.18797934768687088,0.6550979435625924,0.6992880852494234,0.4932503579382017,0.6035384468583833
2024-03,development,Leiden_combined_k40_r0.4,3,306,1211,0.20280331699499007,569.9192682992672,0.2826980497516206,0.6601072235837262,0.9254525610825706,0.6666666666666666,0.5557489478618111
2024-03,development,KMeans_6,6,93,640,0.17249079135088463,437.73058886347184,0.2171282682854523,0.6502560398363136,0.7388189174667681,0.5345256540799088,0.5929341876595375
2024-03,development,KMeans_8,8,44,388,0.15655282891211555,370.9984209150459,0.1840269945015109,0.6370760286250633,0.6969878032479524,0.48239128079242705,0.5985380057672397
2024-04,descriptive,Leiden_combined_k40_r0.4,3,294,1125,0.1733240465939276,377.1024716376775,0.18705479743932416,1.0341486046047805,0.9132079479443981,0.6666666666666665,0.5471927475951959
2024-04,descriptive,KMeans_6,6,101,473,0.15685429699636633,335.5073287785202,0.16642228610045645,0.7766906277127916,0.7413156716553785,0.4927402680235274,0.5736725249014976
2024-04,descriptive,KMeans_8,8,55,450,0.15828677879143832,286.9551237693181,0.14233885107605065,0.699312731255424,0.6681349302728397,0.4454146229627844,0.5643164674145489
2024-05,descriptive,Leiden_combined_k40_r0.4,3,298,1265,0.09727321383493452,324.2237489836602,0.1608252723133235,0.6530271397375935,0.9048181085925195,0.6666666666666675,0.5297304249718164
2024-05,descriptive,KMeans_6,6,85,482,0.15448377247901524,329.56927896324595,0.1634768248825625,0.721337877064307,0.7447823645046622,0.48530129249675547,0.573229400829939
2024-05,descriptive,KMeans_8,8,64,466,0.1571489123749847,288.79650402939615,0.14325223414156554,0.7002290749763236,0.6697025054526351,0.4312950590936496,0.5594315122594076
2024-06,development,Leiden_combined_k40_r0.4,3,301,1259,0.10712842061139607,356.1237963384979,0.17664870850123904,0.7981877033268443,0.9036911291097338,0.6666666666666666,0.5308410494912408
2024-06,development,KMeans_6,6,76,483,0.1589234408714643,354.27750820045105,0.17573289097244596,0.7043294974761296,0.7415249301336629,0.4746481775311573,0.5653948359536614
2024-06,development,KMeans_8,8,61,445,0.16496341800292708,303.5815099327958,0.15058606643491856,0.6841177621725064,0.6632608890620597,0.4234633751720033,0.5572642537775732
2024-07,validation,Leiden_combined_k40_r0.4,3,303,1207,0.1268701575057257,382.4264972749683,0.1896956831721073,0.7225950112894065,0.9126732103702621,0.6666666666666673,0.5437893573543334
2024-07,validation,KMeans_6,6,69,483,0.16186815105842975,367.7687001003207,0.18242495044658766,0.6837229003043347,0.7477062681340335,0.488867829086453,0.5805324014688743
2024-07,validation,KMeans_8,8,46,442,0.16505506126142105,314.75059101552836,0.15612628522595653,0.6597034318850818,0.6751764377417608,0.42869801565471277,0.5713789900583088
2024-08,validation,Leiden_combined_k40_r0.4,3,309,1242,0.1850567453856184,423.9866465770754,0.21031083659577154,1.2425972162890926,0.9028817567211022,0.6666666666666671,0.5185118404136316
2024-08,validation,KMeans_6,6,72,497,0.16549094544329707,383.9809808617422,0.19046675637983243,0.7594377496060024,0.7388549309992086,0.46580156278633655,0.5674675345019372
2024-08,validation,KMeans_8,8,39,409,0.15619114940356008,318.79602313428444,0.158132947983276,0.627360109346638,0.6845746554144385,0.4351230904124962,0.5636194269514022
2024-09,validation,Leiden_combined_k40_r0.4,3,283,1030,0.14173972359149448,405.46642773729997,0.2011242201077877,1.3655623154103436,0.8940425175354596,0.6666666666666669,0.5135376060419471
2024-09,validation,KMeans_6,6,83,486,0.16006132402009046,368.59395752513285,0.18283430432794287,0.729251169187915,0.7277509964352755,0.47544107038693456,0.5700213424289422
2024-09,validation,KMeans_8,8,59,407,0.1467337508348778,312.2182768991451,0.1548701770333061,0.6130749958341292,0.6796283150145184,0.4453967192992908,0.571322706798596
2024-10,confirmation,Leiden_combined_k40_r0.4,3,298,1262,0.1009250157450983,373.2708612784873,0.18515419706274172,0.8439585608011748,0.9008557876454492,0.6666666666666669,0.5240523388915467
2024-10,confirmation,KMeans_6,6,79,477,0.15467720043508482,353.1534162528572,0.17517530568098075,inf,0.7261210241141979,0.4675886220065582,0.5547389484953629
2024-10,confirmation,KMeans_8,8,55,429,0.15171002417970028,299.3070496282913,0.1484657984267318,0.6276526451980625,0.6721289129287074,0.4408990902901864,0.5574545846879619
2024-11,confirmation,Leiden_combined_k40_r0.4,3,258,1277,0.11085547307094425,389.4132670627014,0.19316134278903838,0.6460759068066244,0.9090964369791655,0.6666666666666675,0.5278668249259386
2024-11,confirmation,KMeans_6,6,184,488,0.14490137844852283,333.64330625146175,0.16549767175171715,0.6713730235999321,0.7138603791368077,0.5117659285499775,0.5528469592769364
2024-11,confirmation,KMeans_8,8,46,447,0.14737729584770554,286.4100164158679,0.142068460523744,0.6580221645423175,0.6675284728722787,0.4543757528982265,0.5568011250071565
2024-12,confirmation,Leiden_combined_k40_r0.4,3,308,1098,0.14883824706118562,389.8224019556845,0.1933642866843673,0.9281568946994174,0.9035757600076323,0.666666666666666,0.544045659429633
2024-12,confirmation,KMeans_6,6,104,479,0.14480948703687052,332.4002838485787,0.16488109317885846,0.7364336779396302,0.7265190694449517,0.48935468424910455,0.5567173222495314
2024-12,confirmation,KMeans_8,8,56,435,0.14310379976024543,283.9082062075695,0.1408274832378817,0.6794416007649127,0.6691111096836206,0.44605718887712364,0.549490956632545
