repeat,clusters,minimum_size,maximum_size,SW,CH,CH_per_N,S_Dbw,AVI,AVU,MQ
0,3,308,1098,-0.03123731658248774,1.4504458341895217,0.0007194671796575008,2.4694972539170963,0.33399681203897164,0.6666666666666666,7.6244761250472e-05
1,3,308,1098,-0.012548197679940866,1.5064377601431616,0.0007472409524519651,2.5567942216580373,0.33659515266273793,0.6666666666666666,0.0015473669473252023
2,3,308,1098,-0.026807694294281977,0.7771828129108878,0.0003855073476740515,2.244762378024414,0.3337709883207251,0.6666666666666665,-0.00032298426781546957
3,3,308,1098,-0.013456832233331247,0.7462384081527366,0.00037015794055195265,2.1898207977131805,0.33292169909195274,0.6666666666666666,-0.0011339969018655562
4,3,308,1098,-0.02227016682502758,0.8937024573519116,0.00044330479035313076,2.612304114487185,0.334222785290929,0.6666666666666666,0.0010559488833186796
5,3,308,1098,-0.011887527911278721,0.42676566672966226,0.0002116893188143166,2.6827682932094365,0.3327078413741103,0.6666666666666666,-0.0008566163310524087
6,3,308,1098,-0.005659503889783844,0.6800732608484713,0.0003373379270081703,2.0841805315886925,0.33400516623539156,0.6666666666666666,0.0014205816791495775
7,3,308,1098,-0.0015103361829256995,1.5324793569727677,0.0007601584111968094,2.140967415174586,0.3359925534843886,0.6666666666666669,0.002483143552168783
8,3,308,1098,-0.008198537234116808,0.819837072740064,0.00040666521465280953,2.4412404416083704,0.33301631085919725,0.6666666666666669,0.00016514137597654563
9,3,308,1098,-0.019321543599521693,1.3364497548090144,0.0006629215053616143,2.308503030057292,0.33411415608466827,0.6666666666666666,0.00048263868339255486
10,3,308,1098,-0.006727697294135806,0.8284344492825945,0.0004109297863504933,2.4717434549438893,0.3336506742930477,0.6666666666666669,-5.893719810331696e-05
11,3,308,1098,-0.009450058437700228,0.738754426521674,0.0003664456480762272,2.5593751597830727,0.3322713883606339,0.6666666666666666,-0.0017945863746517132
12,3,308,1098,-0.001380119068502751,0.8977709929207027,0.0004453229131551105,2.257684524203568,0.3355346532387711,0.6666666666666666,0.002865510390436577
13,3,308,1098,-0.001704597443977732,1.1211573812274895,0.0005561296533866516,2.1420032881924467,0.330963710336649,0.6666666666666664,-0.0006169100021954192
14,3,308,1098,-0.004827538653424594,1.1621755072358606,0.0005764759460495341,2.680546550808816,0.3341680149009319,0.6666666666666666,0.0007422371076221575
15,3,308,1098,-0.008505305144998086,1.1627012786113373,0.0005767367453429253,2.5551955415570706,0.3320981897586921,0.6666666666666664,-0.0018124732613029396
16,3,308,1098,-0.0031208435794789005,0.9999860114247905,0.0004960248072543603,2.0303031886778427,0.33171451386208306,0.6666666666666666,-0.0018769750783381688
17,3,308,1098,-0.004590452051158008,0.7009715952639413,0.0003477041643174312,2.5452988238053837,0.33485649161811243,0.6666666666666666,0.0002443690474025727
18,3,308,1098,-0.008485612544467416,0.9214198497512893,0.0004570534969004411,2.436971014649204,0.3354304487442658,0.6666666666666666,0.0009341761934408728
19,3,308,1098,-0.0012893277345399224,1.1856170695228916,0.0005881037051204819,2.203614172572755,0.33344523305860413,0.6666666666666666,0.0006601539676608995
