candidate,seed,ARI
Leiden_profile_k20_r0.4,7,0.6205462686175436
Leiden_profile_k20_r0.4,19,0.6390468003045409
Leiden_profile_k20_r0.4,31,0.5185905856631009
Leiden_profile_k20_r0.8,7,0.6930203142883982
Leiden_profile_k20_r0.8,19,0.4703727104761373
Leiden_profile_k20_r0.8,31,0.4463800002297939
Leiden_profile_k20_r1.2,7,0.5399177984921341
Leiden_profile_k20_r1.2,19,0.5031718547352848
Leiden_profile_k20_r1.2,31,0.45135768673093124
Leiden_profile_k40_r0.4,7,0.41577923351495155
Leiden_profile_k40_r0.4,19,0.4339073471536567
Leiden_profile_k40_r0.4,31,0.45627579706367954
Leiden_profile_k40_r0.8,7,0.5276347736475049
Leiden_profile_k40_r0.8,19,0.43240925671411334
Leiden_profile_k40_r0.8,31,0.4694390256671526
Leiden_profile_k40_r1.2,7,0.44710690623138966
Leiden_profile_k40_r1.2,19,0.4761276102700028
Leiden_profile_k40_r1.2,31,0.5903869040090143
Leiden_growth_k20_r0.4,7,0.6888761762859168
Leiden_growth_k20_r0.4,19,0.7914748884626988
Leiden_growth_k20_r0.4,31,0.33026838722333
Leiden_growth_k20_r0.8,7,0.6971433177269146
Leiden_growth_k20_r0.8,19,0.4874982624729121
Leiden_growth_k20_r0.8,31,0.5166858312613376
Leiden_growth_k20_r1.2,7,0.5262079636909653
Leiden_growth_k20_r1.2,19,0.5667473333086521
Leiden_growth_k20_r1.2,31,0.6499081753522279
Leiden_growth_k40_r0.4,7,0.37269787244950386
Leiden_growth_k40_r0.4,19,0.2776262888607669
Leiden_growth_k40_r0.4,31,0.8288571864191477
Leiden_growth_k40_r0.8,7,0.7749139236345041
Leiden_growth_k40_r0.8,19,0.6027776321306058
Leiden_growth_k40_r0.8,31,0.4888129709133234
Leiden_growth_k40_r1.2,7,0.48427161425705645
Leiden_growth_k40_r1.2,19,0.7761921475823519
Leiden_growth_k40_r1.2,31,0.4968243824841207
Leiden_combined_k20_r0.4,7,0.6892164400412046
Leiden_combined_k20_r0.4,19,0.721723036993207
Leiden_combined_k20_r0.4,31,0.3210064274126382
Leiden_combined_k20_r0.8,7,0.60186039315492
Leiden_combined_k20_r0.8,19,0.7404500984766201
Leiden_combined_k20_r0.8,31,0.53936469067133
Leiden_combined_k20_r1.2,7,0.6462205550535806
Leiden_combined_k20_r1.2,19,0.6540487628571972
Leiden_combined_k20_r1.2,31,0.6116995554423799
Leiden_combined_k40_r0.4,7,0.3833798546824609
Leiden_combined_k40_r0.4,19,0.9356115102463883
Leiden_combined_k40_r0.4,31,0.9530554025640913
Leiden_combined_k40_r0.8,7,0.6132993033370211
Leiden_combined_k40_r0.8,19,0.5720821014192927
Leiden_combined_k40_r0.8,31,0.5976102457062238
Leiden_combined_k40_r1.2,7,0.6757294301105726
Leiden_combined_k40_r1.2,19,0.49464020231975275
Leiden_combined_k40_r1.2,31,0.7085348567514372
KMeans_4,7,0.9807523361484155
KMeans_4,19,0.9953454447150359
KMeans_4,31,0.9946023720916993
KMeans_6,7,0.9832520464426306
KMeans_6,19,0.9959890463580653
KMeans_6,31,1.0
KMeans_8,7,0.890391760669859
KMeans_8,19,0.8788588329291656
KMeans_8,31,0.964986804938685
Ward_4,7,1.0
Ward_4,19,1.0
Ward_4,31,1.0
Ward_6,7,1.0
Ward_6,19,1.0
Ward_6,31,1.0
Ward_8,7,1.0
Ward_8,19,1.0
Ward_8,31,1.0
