candidate,SW,CH,S_Dbw,AVI,AVU,MQ,clusters,minimum_size,seconds,seed_ARI,min_K,max_K,min_group,eligible,selection_score
KMeans_6,0.16372498993468068,413.97742266244603,0.6510382232297194,0.7446533090834021,0.5158744489443478,0.5881616156586276,6.0,83.33333333333333,0.07508728733334162,0.9930803642668987,6,6,76,True,0.7842592592592593
KMeans_8,0.15745210203658325,350.31254115898497,0.667629745921436,0.6790792049241262,0.4603649047806347,0.5831940611959282,8.0,52.333333333333336,0.07858605666664668,0.9114124661792365,8,8,44,True,0.7416666666666667
KMeans_4,0.21356431137887108,534.8941851363295,inf,0.7827905134636349,0.5357491528784536,0.5164984628861697,4.0,121.66666666666667,0.0610222213332842,0.9902333843183836,4,4,103,True,0.7351851851851852
Leiden_combined_k40_r0.4,0.16881534434881665,498.9396858031135,0.6837545263853029,0.9191847462175127,0.6666666666666669,0.5470660114644628,3.0,304.0,0.6715066383333124,0.757348922497647,3,3,301,True,0.7240740740740741
Ward_4,0.20376839754403442,444.4863888156449,inf,0.7562110136066655,0.5218903424268514,0.4810192836616611,4.0,82.0,0.11038714633336137,1.0,4,4,57,True,0.6787037037037038
Leiden_combined_k40_r0.8,0.12391027442071749,432.22088722218,0.6382870996567166,0.8480874085013713,0.6423681716573675,0.612242858739347,4.333333333333333,287.6666666666667,0.6973691093332945,0.5943305501541792,4,5,248,True,0.6703703703703704
Ward_6,0.14815388969383703,341.8259362128811,0.87671716112033,0.6811291093581646,0.44846162317300564,0.5077998826761217,6.0,51.333333333333336,0.09168672100001156,1.0,6,6,31,True,0.6546296296296297
Ward_8,0.10823511882632753,290.3818787644506,0.7800227042983697,0.640400459783831,0.4371482236192336,0.5436413324642442,8.0,43.0,0.0941891326666943,1.0,8,8,31,True,0.6416666666666667
Leiden_combined_k20_r0.8,0.06659152046708268,299.4923585467852,0.5876543661081123,0.7755456300850079,0.5872924697394332,0.6235201418561465,6.666666666666667,117.33333333333333,0.4463186673333439,0.6272250607676234,6,7,62,True,0.6388888888888888
Leiden_combined_k20_r0.4,0.1590999235261256,486.28185934526226,0.6645783096742613,0.9217156951869342,0.6666666666666662,0.540563796641783,3.0,249.0,0.35851597300002896,0.5773153014823499,3,3,242,True,0.6259259259259259
Leiden_combined_k20_r1.2,0.049750913274398366,231.77900532257001,0.49837500349159697,0.7067595181241259,0.5646075007726491,0.6084002534798324,10.0,68.0,0.4303464756667002,0.6373229577843859,9,11,63,True,0.6083333333333334
Leiden_combined_k40_r1.2,0.08084272404146385,285.41613257180705,inf,0.7492294926397062,0.5775333471937955,0.6218559524221282,7.666666666666667,107.66666666666667,0.8502505106666453,0.6263014963939209,7,8,69,True,0.6027777777777779
Leiden_profile_k20_r0.4,0.06623779033077407,281.39994408465924,0.7451879615025039,0.7669682003017592,0.6006782849854954,0.5320195046701365,4.666666666666667,226.0,0.3123102323333266,0.5927278848617284,4,5,109,True,0.500925925925926
Leiden_growth_k40_r0.4,0.13444164863464783,419.17106414598214,0.9918755891927843,0.8286143568022383,0.6666666666666666,0.4798779580897184,3.0,406.3333333333333,0.6159130193332961,0.49306044924313946,3,3,319,True,0.43888888888888894
Leiden_growth_k20_r0.4,0.1019055805077249,375.9099412759393,inf,0.7798701459768734,0.6545235508099551,0.4602691478113124,3.3333333333333335,322.6666666666667,0.3873751450000403,0.6035398173239819,3,4,307,True,0.437962962962963
Leiden_growth_k40_r0.8,0.049972792890018436,317.85531788581113,inf,0.7032668047227496,0.6390467006317152,0.5071560601487483,5.0,237.66666666666666,0.582543092666621,0.6221681755594778,4,6,104,True,0.4240740740740741
Leiden_profile_k40_r0.4,0.09462685157322172,360.6399096679674,inf,0.838925487248639,0.6306012606246919,0.5280987904775171,3.6666666666666665,210.66666666666666,0.5488921413333022,0.4353207925774292,3,4,111,True,0.41851851851851857
Leiden_growth_k20_r0.8,0.029576246743724856,265.14501179527343,inf,0.647184025415826,0.5962721033879105,0.4935033976465686,6.0,151.33333333333334,0.3669027350000154,0.5671091371537215,5,7,81,True,0.3490740740740741
Leiden_profile_k20_r0.8,0.021205605047645962,176.63151784696132,0.7367262952415549,0.6170007913382843,0.5443606198907359,0.5021384264353043,8.666666666666666,97.33333333333333,0.48107380533330496,0.5365910083314431,8,9,64,True,0.3388888888888889
Leiden_growth_k40_r1.2,0.019257426219821194,229.97080686911283,inf,0.5979577231369165,0.5799879098371322,0.47711066892639087,7.666666666666667,133.66666666666666,0.760465383000034,0.5857627147745097,7,9,117,True,0.32777777777777783
Leiden_profile_k40_r0.8,0.03106309038858181,217.59894557366252,inf,0.6659730630920921,0.5714170961310732,0.5211181755467126,6.666666666666667,192.0,0.6080254766666636,0.4764943520095903,6,7,112,True,0.3277777777777778
Leiden_growth_k20_r1.2,0.00854835972309305,194.46155059879786,inf,0.535113257912165,0.5476890581226169,0.4480597225941394,9.666666666666666,79.33333333333333,0.4637087520000402,0.5809544907839485,8,11,67,True,0.2916666666666667
Leiden_profile_k40_r1.2,-6.415577029608595e-05,154.0662962920875,inf,0.5674018942993242,0.5584970209981656,0.4904457162254145,10.333333333333334,98.33333333333333,0.5925831013333891,0.5045404735034689,10,11,96,True,0.2712962962962963
Leiden_profile_k20_r1.2,0.004391159354817727,131.49481569349788,inf,0.5388927152676941,0.5218282581878819,0.46364101635641314,12.666666666666666,58.0,0.3896454176666945,0.49814911331945,12,13,50,False,0.26666666666666666
