month,variant,ARI
2024-01,seed_7,0.9625548360495974
2024-01,seed_19,0.9625548360495974
2024-01,seed_31,0.9625548360495974
2024-01,seed_43,1.0
2024-01,seed_67,0.9426732689292112
2024-01,neighbors_30,0.9810944662941071
2024-01,neighbors_50,0.9741969121248489
2024-01,resolution_x0.9,0.9331248420778196
2024-01,resolution_x1.1,0.9526562927993767
2024-02,seed_7,0.8831264486741822
2024-02,seed_19,0.8831264486741822
2024-02,seed_31,0.8831264486741822
2024-02,seed_43,0.9788008222531592
2024-02,seed_67,0.8973328106471037
2024-02,neighbors_30,0.8679836421243423
2024-02,neighbors_50,0.9606544505169613
2024-02,resolution_x0.9,0.8942366774937854
2024-02,resolution_x1.1,0.9887636347384899
2024-03,seed_7,1.0
2024-03,seed_19,0.9864191684033754
2024-03,seed_31,0.48938437718733974
2024-03,seed_43,1.0
2024-03,seed_67,1.0
2024-03,neighbors_30,0.9576571869806932
2024-03,neighbors_50,0.969599726378022
2024-03,resolution_x0.9,0.7239799763985257
2024-03,resolution_x1.1,0.994894195228519
2024-04,seed_7,0.6812623405643611
2024-04,seed_19,0.8359959535513246
2024-04,seed_31,0.8114822364929023
2024-04,seed_43,0.8359959535513246
2024-04,seed_67,0.8175685350880131
2024-04,neighbors_30,0.9172760828557956
2024-04,neighbors_50,0.9560656266273538
2024-04,resolution_x0.9,0.6597786165158273
2024-04,resolution_x1.1,0.8400224114777398
2024-05,seed_7,0.8322786129554977
2024-05,seed_19,1.0
2024-05,seed_31,0.8814306982903278
2024-05,seed_43,0.9453479540796896
2024-05,seed_67,0.948652290114941
2024-05,neighbors_30,0.9494784228145585
2024-05,neighbors_50,0.43780084293062294
2024-05,resolution_x0.9,0.9835485885207079
2024-05,resolution_x1.1,0.9936556190453718
2024-06,seed_7,0.3833798546824609
2024-06,seed_19,0.9356115102463883
2024-06,seed_31,0.9530554025640913
2024-06,seed_43,0.7142453679152057
2024-06,seed_67,0.39028189462952745
2024-06,neighbors_30,0.8879927752407828
2024-06,neighbors_50,0.9694488622747501
2024-06,resolution_x0.9,0.39811797918741665
2024-06,resolution_x1.1,0.9898469094748564
2024-07,seed_7,0.9825489435627502
2024-07,seed_19,0.9773772787267061
2024-07,seed_31,0.9773772787267061
2024-07,seed_43,0.9825489435627502
2024-07,seed_67,0.9825489435627502
2024-07,neighbors_30,0.9073058859390964
2024-07,neighbors_50,0.9833164554327717
2024-07,resolution_x0.9,0.9797596337766651
2024-07,resolution_x1.1,0.9813301339207641
2024-08,seed_7,0.8937604412051153
2024-08,seed_19,0.8155070739269953
2024-08,seed_31,0.7012936155284024
2024-08,seed_43,0.6919848666772507
2024-08,seed_67,0.6921037436410102
2024-08,neighbors_30,0.9264353152974034
2024-08,neighbors_50,0.8052455539889929
2024-08,resolution_x0.9,0.842547207415848
2024-08,resolution_x1.1,0.8602727610113949
2024-09,seed_7,0.360686857475317
2024-09,seed_19,0.4027660801110219
2024-09,seed_31,0.3492244583074619
2024-09,seed_43,0.35215572621088914
2024-09,seed_67,0.34354415578940967
2024-09,neighbors_30,0.45844030994729285
2024-09,neighbors_50,0.3781025416282575
2024-09,resolution_x0.9,0.22759054752992608
2024-09,resolution_x1.1,0.42241642712985283
2024-10,seed_7,0.803242640123204
2024-10,seed_19,0.9623996286880778
2024-10,seed_31,0.9312160714795377
2024-10,seed_43,0.9106747589001091
2024-10,seed_67,0.7599060471862744
2024-10,neighbors_30,0.9210168082842528
2024-10,neighbors_50,0.7483634944420346
2024-10,resolution_x0.9,0.7602389846042633
2024-10,resolution_x1.1,0.7495077475855975
2024-11,seed_7,0.8402987695195224
2024-11,seed_19,0.972918670016343
2024-11,seed_31,0.9935128641937887
2024-11,seed_43,0.9202386013539551
2024-11,seed_67,0.5711461298616334
2024-11,neighbors_30,0.9457972172962379
2024-11,neighbors_50,0.9563776009331891
2024-11,resolution_x0.9,0.9930742925417421
2024-11,resolution_x1.1,0.9758808946317573
2024-12,seed_7,0.8172696501957073
2024-12,seed_19,0.6949982702690817
2024-12,seed_31,0.8202029856286288
2024-12,seed_43,0.9463960502976714
2024-12,seed_67,0.9801004325441895
2024-12,neighbors_30,0.966976956454742
2024-12,neighbors_50,0.8158559430797847
2024-12,resolution_x0.9,0.9938714992231665
2024-12,resolution_x1.1,0.9982643076404722
