territory_id,months_available,included
1,24,True
2,24,True
3,24,True
4,24,True
5,24,True
6,24,True
7,24,True
8,24,True
9,24,True
10,24,True
11,24,True
12,24,True
13,24,True
14,24,True
15,24,True
16,24,True
17,24,True
18,24,True
19,24,True
20,24,True
21,24,True
22,24,True
23,24,True
25,24,True
26,24,True
27,24,True
28,24,True
29,24,True
30,24,True
31,24,True
32,24,True
33,24,True
34,24,True
35,24,True
36,24,True
37,24,True
38,24,True
39,24,True
40,24,True
41,24,True
42,24,True
43,24,True
44,24,True
45,24,True
46,24,True
47,24,True
48,24,True
49,24,True
50,24,True
51,24,True
52,24,True
53,24,True
54,24,True
55,24,True
56,24,True
57,24,True
58,24,True
59,24,True
60,24,True
61,24,True
62,24,True
63,24,True
64,17,False
65,24,True
66,24,True
67,24,True
68,24,True
69,24,True
70,24,True
71,24,True
72,24,True
73,24,True
74,24,True
75,24,True
76,24,True
77,24,True
78,24,True
79,24,True
80,24,True
81,24,True
82,24,True
83,24,True
85,12,False
86,12,False
87,12,False
88,12,False
89,12,False
90,12,False
91,12,False
92,12,False
93,12,False
94,12,False
95,12,False
96,12,False
97,12,False
98,12,False
99,12,False
100,11,False
101,12,False
102,12,False
103,12,False
104,12,False
105,12,False
106,12,False
107,12,False
108,12,False
109,8,False
111,12,False
113,12,False
114,12,False
116,6,False
121,1,False
140,6,False
142,2,False
143,5,False
145,2,False
158,12,False
160,12,False
167,24,True
168,24,True
169,24,True
172,1,False
173,24,True
174,18,False
176,21,False
177,12,False
178,5,False
179,21,False
181,24,True
183,7,False
184,24,True
185,24,True
186,21,False
187,3,False
188,24,True
189,12,False
190,18,False
191,24,True
192,22,False
193,22,False
194,24,True
195,24,True
196,24,True
197,21,False
198,24,True
200,22,False
201,24,True
202,17,False
203,24,True
204,24,True
205,24,True
206,24,True
207,24,True
208,24,True
209,24,True
210,24,True
211,24,True
212,24,True
213,24,True
214,24,True
215,24,True
216,24,True
217,24,True
218,24,True
219,24,True
220,24,True
221,24,True
222,24,True
223,24,True
224,24,True
225,24,True
226,24,True
227,24,True
228,24,True
229,24,True
230,24,True
231,24,True
232,24,True
233,24,True
234,24,True
235,24,True
236,24,True
237,24,True
238,24,True
239,24,True
240,24,True
241,24,True
242,24,True
243,24,True
269,24,True
270,24,True
271,24,True
272,24,True
273,24,True
274,24,True
275,24,True
276,24,True
277,24,True
278,24,True
279,24,True
280,24,True
281,24,True
282,24,True
283,24,True
284,24,True
285,24,True
286,12,False
287,24,True
288,24,True
289,24,True
290,24,True
291,19,False
292,24,True
293,24,True
294,24,True
295,24,True
296,24,True
297,24,True
298,24,True
299,3,False
300,24,True
301,24,True
302,24,True
303,24,True
304,24,True
305,24,True
306,24,True
307,24,True
308,24,True
309,24,True
310,8,False
311,23,False
312,24,True
313,15,False
314,24,True
315,22,False
316,24,True
317,24,True
318,24,True
319,24,True
320,24,True
321,24,True
322,22,False
323,24,True
324,24,True
325,24,True
326,24,True
327,24,True
328,22,False
329,24,True
330,24,True
331,24,True
332,24,True
333,24,True
334,24,True
335,24,True
336,24,True
337,24,True
338,24,True
339,24,True
340,24,True
341,24,True
342,24,True
343,24,True
344,10,False
345,24,True
346,24,True
347,24,True
348,24,True
349,24,True
350,1,False
351,24,True
352,24,True
353,17,False
354,24,True
355,24,True
356,24,True
357,24,True
358,24,True
359,24,True
360,24,True
361,24,True
362,24,True
363,24,True
364,24,True
365,24,True
366,24,True
367,24,True
368,24,True
369,24,True
370,24,True
371,24,True
372,24,True
373,24,True
374,24,True
375,24,True
376,24,True
377,24,True
378,24,True
379,24,True
380,24,True
381,24,True
382,24,True
383,24,True
384,24,True
385,24,True
386,24,True
387,24,True
388,24,True
389,23,False
390,24,True
391,24,True
392,24,True
393,24,True
394,3,False
395,24,True
396,24,True
397,24,True
398,24,True
401,24,True
402,24,True
403,24,True
404,24,True
405,24,True
406,1,False
408,24,True
409,21,False
410,24,True
413,24,True
414,24,True
415,2,False
416,24,True
417,8,False
418,24,True
419,24,True
420,24,True
421,24,True
422,24,True
423,24,True
424,24,True
425,24,True
426,10,False
428,24,True
429,24,True
430,24,True
431,24,True
432,24,True
433,24,True
434,24,True
435,24,True
436,24,True
437,24,True
438,24,True
439,3,False
440,24,True
441,24,True
442,24,True
443,24,True
444,24,True
445,24,True
446,24,True
447,24,True
448,24,True
449,24,True
450,24,True
451,24,True
452,24,True
453,24,True
455,24,True
456,24,True
457,24,True
458,24,True
459,24,True
460,24,True
461,12,False
462,6,False
466,4,False
469,3,False
474,2,False
478,24,True
479,24,True
480,24,True
481,24,True
482,24,True
483,22,False
484,24,True
485,24,True
486,24,True
487,24,True
489,24,True
490,24,True
491,24,True
492,24,True
493,24,True
494,24,True
495,24,True
496,24,True
497,24,True
498,24,True
499,24,True
500,20,False
501,24,True
502,24,True
503,24,True
504,24,True
505,24,True
506,24,True
507,24,True
508,24,True
509,24,True
510,24,True
511,24,True
512,24,True
514,21,False
515,24,True
516,24,True
517,24,True
518,24,True
519,24,True
520,24,True
521,24,True
522,24,True
523,24,True
524,24,True
525,24,True
526,1,False
527,24,True
528,24,True
529,24,True
530,24,True
531,24,True
532,24,True
533,24,True
534,24,True
535,24,True
536,24,True
537,24,True
538,24,True
539,24,True
540,24,True
541,24,True
542,24,True
543,24,True
544,24,True
545,24,True
546,24,True
547,24,True
548,24,True
549,24,True
550,24,True
552,24,True
553,24,True
554,24,True
555,24,True
556,24,True
557,24,True
558,24,True
559,24,True
560,24,True
561,24,True
562,24,True
563,24,True
564,24,True
565,24,True
566,24,True
567,24,True
568,24,True
569,24,True
570,24,True
571,24,True
572,24,True
573,12,False
574,24,True
576,12,False
577,12,False
578,24,True
579,24,True
580,24,True
581,24,True
582,24,True
583,24,True
584,24,True
585,24,True
586,24,True
587,24,True
588,24,True
589,24,True
590,12,False
591,24,True
592,24,True
593,24,True
594,24,True
595,24,True
597,12,False
598,24,True
599,24,True
600,24,True
601,24,True
602,24,True
603,24,True
604,24,True
605,24,True
606,24,True
607,24,True
608,24,True
611,22,False
612,24,True
613,24,True
614,24,True
615,24,True
616,24,True
618,24,True
619,24,True
620,5,False
621,24,True
666,24,True
667,24,True
668,24,True
669,24,True
670,24,True
671,24,True
674,24,True
675,24,True
676,24,True
677,24,True
678,24,True
679,24,True
680,24,True
681,18,False
683,24,True
685,24,True
686,24,True
687,24,True
688,4,False
689,24,True
690,24,True
691,24,True
692,24,True
693,24,True
694,24,True
695,24,True
696,24,True
697,24,True
698,24,True
699,24,True
700,3,False
701,24,True
702,24,True
703,24,True
704,24,True
705,24,True
706,24,True
708,24,True
709,15,False
710,24,True
711,24,True
712,24,True
713,24,True
714,24,True
715,24,True
716,24,True
717,24,True
718,24,True
719,24,True
720,24,True
721,24,True
722,24,True
723,24,True
724,21,False
725,24,True
726,24,True
727,24,True
731,24,True
734,24,True
735,24,True
736,24,True
737,24,True
738,24,True
739,24,True
741,24,True
742,24,True
743,24,True
744,24,True
745,24,True
746,24,True
747,24,True
748,24,True
749,24,True
751,24,True
752,24,True
753,24,True
754,24,True
755,24,True
756,24,True
757,24,True
758,24,True
760,24,True
761,24,True
763,24,True
764,24,True
765,24,True
766,24,True
767,24,True
769,24,True
770,24,True
771,24,True
773,24,True
774,24,True
775,24,True
776,24,True
777,24,True
778,24,True
779,24,True
780,24,True
781,24,True
782,24,True
783,24,True
784,24,True
785,24,True
787,24,True
788,24,True
789,24,True
790,24,True
791,24,True
792,24,True
793,24,True
794,24,True
795,24,True
796,24,True
797,24,True
798,24,True
799,24,True
800,24,True
801,24,True
802,24,True
803,24,True
804,24,True
805,24,True
806,24,True
807,24,True
808,24,True
809,24,True
810,24,True
811,24,True
812,24,True
813,24,True
814,24,True
815,24,True
817,24,True
818,24,True
819,24,True
820,24,True
821,24,True
822,24,True
823,24,True
824,24,True
825,24,True
826,24,True
827,24,True
828,24,True
829,24,True
830,24,True
831,24,True
832,24,True
833,24,True
834,24,True
835,24,True
836,24,True
838,24,True
839,24,True
840,24,True
841,24,True
842,24,True
843,24,True
844,24,True
846,24,True
847,24,True
848,24,True
849,24,True
850,10,False
851,24,True
852,24,True
853,24,True
854,24,True
855,24,True
856,24,True
857,24,True
858,19,False
859,24,True
860,24,True
862,12,False
863,12,False
864,12,False
865,12,False
866,12,False
867,12,False
868,12,False
870,24,True
871,24,True
872,24,True
873,24,True
874,24,True
875,24,True
876,24,True
877,24,True
878,24,True
879,24,True
880,24,True
881,24,True
882,24,True
883,24,True
884,24,True
885,24,True
886,24,True
887,12,False
888,24,True
889,24,True
890,24,True
891,24,True
892,24,True
895,24,True
896,24,True
897,24,True
898,24,True
899,24,True
900,24,True
901,24,True
902,24,True
903,24,True
904,24,True
905,24,True
907,24,True
908,24,True
909,24,True
910,12,False
911,24,True
912,24,True
913,24,True
914,24,True
915,24,True
916,24,True
917,24,True
918,24,True
920,24,True
921,11,False
922,24,True
923,24,True
924,24,True
925,24,True
926,24,True
927,24,True
928,24,True
929,24,True
930,24,True
986,24,True
987,24,True
988,24,True
989,24,True
991,24,True
992,24,True
993,24,True
994,24,True
995,24,True
996,24,True
997,4,False
998,24,True
999,24,True
1001,24,True
1002,24,True
1003,24,True
1004,24,True
1005,24,True
1006,24,True
1007,24,True
1008,24,True
1009,24,True
1010,24,True
1011,24,True
1012,24,True
1013,24,True
1014,24,True
1015,24,True
1016,24,True
1017,24,True
1018,24,True
1019,24,True
1020,24,True
1021,24,True
1022,4,False
1023,24,True
1024,24,True
1025,24,True
1026,24,True
1027,24,True
1028,24,True
1029,24,True
1030,24,True
1031,24,True
1032,24,True
1033,24,True
1034,24,True
1035,24,True
1036,24,True
1037,24,True
1038,24,True
1039,24,True
1040,24,True
1041,24,True
1043,12,False
1044,24,True
1047,24,True
1048,24,True
1049,24,True
1051,24,True
1052,24,True
1053,24,True
1054,24,True
1055,24,True
1056,24,True
1057,24,True
1058,24,True
1059,24,True
1060,24,True
1061,24,True
1062,24,True
1063,24,True
1064,24,True
1065,24,True
1066,24,True
1067,24,True
1068,24,True
1069,24,True
1070,24,True
1071,24,True
1072,24,True
1107,24,True
1108,24,True
1109,24,True
1110,24,True
1111,24,True
1112,24,True
1113,24,True
1115,24,True
1116,24,True
1117,24,True
1118,24,True
1119,24,True
1120,24,True
1121,24,True
1122,24,True
1123,24,True
1124,24,True
1125,24,True
1126,24,True
1127,24,True
1128,24,True
1129,24,True
1130,24,True
1131,24,True
1132,24,True
1133,24,True
1134,24,True
1135,24,True
1136,24,True
1137,24,True
1138,24,True
1139,24,True
1140,24,True
1141,24,True
1142,24,True
1143,24,True
1144,24,True
1146,24,True
1147,24,True
1148,24,True
1149,24,True
1150,24,True
1151,24,True
1152,24,True
1153,24,True
1154,24,True
1155,24,True
1157,24,True
1158,24,True
1159,24,True
1160,24,True
1161,24,True
1162,3,False
1163,24,True
1164,24,True
1165,24,True
1166,24,True
1167,24,True
1168,24,True
1169,24,True
1170,24,True
1171,24,True
1172,24,True
1173,24,True
1174,24,True
1175,24,True
1176,24,True
1177,3,False
1178,24,True
1179,24,True
1180,24,True
1181,24,True
1182,23,False
1183,20,False
1184,24,True
1185,24,True
1186,24,True
1187,24,True
1188,24,True
1189,24,True
1190,24,True
1191,24,True
1192,24,True
1193,24,True
1194,24,True
1195,24,True
1196,24,True
1197,24,True
1198,24,True
1200,24,True
1201,24,True
1203,24,True
1204,24,True
1205,24,True
1206,24,True
1207,24,True
1208,24,True
1209,24,True
1210,24,True
1211,24,True
1212,24,True
1213,24,True
1214,24,True
1215,24,True
1216,23,False
1217,24,True
1218,24,True
1219,24,True
1220,24,True
1221,24,True
1222,24,True
1223,24,True
1224,24,True
1225,24,True
1226,24,True
1227,24,True
1228,24,True
1229,24,True
1230,24,True
1231,24,True
1232,24,True
1233,24,True
1234,24,True
1235,24,True
1236,24,True
1237,24,True
1238,24,True
1240,24,True
1241,24,True
1242,24,True
1243,24,True
1244,24,True
1245,18,False
1246,24,True
1247,19,False
1249,24,True
1250,24,True
1251,24,True
1252,24,True
1253,24,True
1254,24,True
1256,24,True
1257,24,True
1258,24,True
1259,24,True
1260,24,True
1261,24,True
1262,24,True
1264,24,True
1265,24,True
1266,24,True
1267,24,True
1268,24,True
1269,24,True
1270,24,True
1271,24,True
1272,24,True
1273,24,True
1274,24,True
1275,24,True
1276,24,True
1277,24,True
1278,24,True
1279,24,True
1280,24,True
1281,24,True
1282,24,True
1284,24,True
1285,24,True
1286,24,True
1287,24,True
1288,24,True
1289,24,True
1290,24,True
1291,24,True
1292,24,True
1293,24,True
1294,24,True
1295,24,True
1296,24,True
1297,24,True
1298,24,True
1299,24,True
1300,24,True
1301,24,True
1302,24,True
1303,24,True
1304,24,True
1305,24,True
1306,24,True
1308,24,True
1309,24,True
1310,24,True
1311,24,True
1312,24,True
1313,24,True
1314,24,True
1315,24,True
1316,24,True
1317,24,True
1319,24,True
1320,24,True
1321,24,True
1322,24,True
1323,24,True
1324,24,True
1325,24,True
1326,24,True
1327,24,True
1328,24,True
1329,24,True
1330,24,True
1331,24,True
1332,23,False
1333,24,True
1334,24,True
1335,24,True
1336,24,True
1337,24,True
1338,24,True
1339,24,True
1340,24,True
1341,24,True
1342,23,False
1343,24,True
1344,24,True
1345,24,True
1346,24,True
1347,24,True
1348,24,True
1349,24,True
1350,24,True
1351,24,True
1352,24,True
1353,24,True
1354,13,False
1355,24,True
1356,24,True
1357,24,True
1358,24,True
1392,24,True
1393,24,True
1394,24,True
1395,24,True
1396,24,True
1397,24,True
1398,24,True
1399,24,True
1400,24,True
1401,24,True
1402,24,True
1403,24,True
1404,24,True
1405,24,True
1406,24,True
1407,24,True
1408,24,True
1409,24,True
1410,24,True
1411,24,True
1412,24,True
1413,24,True
1414,24,True
1415,24,True
1416,24,True
1417,24,True
1419,24,True
1420,24,True
1421,24,True
1422,24,True
1423,24,True
1424,10,False
1425,24,True
1426,24,True
1427,24,True
1428,24,True
1429,24,True
1430,24,True
1431,24,True
1432,16,False
1433,9,False
1434,22,False
1435,23,False
1436,19,False
1437,22,False
1438,24,True
1439,24,True
1440,24,True
1443,24,True
1444,24,True
1445,24,True
1446,24,True
1447,24,True
1448,24,True
1449,24,True
1453,24,True
1454,24,True
1456,24,True
1457,24,True
1459,24,True
1461,24,True
1463,24,True
1464,24,True
1465,24,True
1467,24,True
1468,24,True
1471,12,False
1472,24,True
1473,24,True
1474,24,True
1475,24,True
1477,24,True
1478,24,True
1480,24,True
1481,24,True
1483,24,True
1484,24,True
1486,24,True
1487,12,False
1488,24,True
1489,24,True
1490,24,True
1491,24,True
1492,24,True
1493,24,True
1494,24,True
1495,24,True
1496,24,True
1500,24,True
1501,24,True
1504,24,True
1506,24,True
1507,24,True
1508,24,True
1509,24,True
1510,24,True
1511,24,True
1512,24,True
1518,24,True
1519,24,True
1520,24,True
1521,24,True
1522,24,True
1523,24,True
1525,24,True
1526,24,True
1527,24,True
1528,24,True
1529,24,True
1530,24,True
1532,24,True
1533,24,True
1534,24,True
1535,24,True
1536,24,True
1537,24,True
1539,24,True
1540,24,True
1541,24,True
1542,24,True
1543,24,True
1544,24,True
1545,24,True
1546,24,True
1547,24,True
1548,24,True
1549,24,True
1550,24,True
1551,24,True
1552,24,True
1553,24,True
1554,24,True
1555,24,True
1556,24,True
1557,24,True
1558,24,True
1559,24,True
1560,24,True
1561,24,True
1562,24,True
1563,24,True
1564,24,True
1565,24,True
1566,24,True
1567,24,True
1568,24,True
1569,24,True
1570,24,True
1571,24,True
1572,24,True
1573,24,True
1574,24,True
1575,24,True
1576,9,False
1577,24,True
1578,24,True
1579,24,True
1580,24,True
1581,24,True
1582,24,True
1583,24,True
1584,24,True
1585,24,True
1586,24,True
1587,24,True
1588,24,True
1589,24,True
1590,24,True
1591,24,True
1592,24,True
1593,24,True
1594,24,True
1595,24,True
1596,24,True
1597,24,True
1598,24,True
1599,24,True
1600,24,True
1601,24,True
1602,24,True
1603,24,True
1604,24,True
1605,24,True
1606,24,True
1607,24,True
1608,24,True
1609,24,True
1610,24,True
1611,24,True
1612,24,True
1613,24,True
1614,24,True
1615,24,True
1616,24,True
1617,24,True
1618,24,True
1619,24,True
1620,24,True
1621,24,True
1622,24,True
1623,24,True
1624,24,True
1625,24,True
1626,24,True
1627,24,True
1628,24,True
1629,24,True
1630,24,True
1631,24,True
1632,24,True
1633,24,True
1634,24,True
1635,24,True
1636,24,True
1637,24,True
1638,24,True
1639,24,True
1640,24,True
1641,24,True
1642,24,True
1643,24,True
1644,24,True
1645,24,True
1646,24,True
1647,24,True
1648,24,True
1649,24,True
1650,24,True
1651,24,True
1652,24,True
1653,24,True
1654,24,True
1655,24,True
1656,24,True
1657,24,True
1658,24,True
1659,24,True
1660,24,True
1661,24,True
1662,24,True
1663,24,True
1664,24,True
1665,24,True
1666,24,True
1667,24,True
1668,24,True
1669,24,True
1670,24,True
1671,24,True
1672,24,True
1673,24,True
1674,24,True
1675,24,True
1676,24,True
1678,24,True
1679,24,True
1680,24,True
1681,24,True
1682,24,True
1683,24,True
1684,8,False
1685,24,True
1686,24,True
1687,24,True
1688,24,True
1689,24,True
1690,24,True
1691,24,True
1692,24,True
1693,24,True
1694,24,True
1695,10,False
1696,24,True
1697,24,True
1698,24,True
1699,24,True
1700,24,True
1701,24,True
1702,24,True
1703,24,True
1704,24,True
1705,24,True
1706,24,True
1707,24,True
1708,24,True
1709,24,True
1710,24,True
1711,24,True
1712,24,True
1713,19,False
1714,24,True
1715,24,True
1716,3,False
1717,24,True
1718,24,True
1719,24,True
1720,6,False
1721,12,False
1722,24,True
1723,10,False
1724,24,True
1725,24,True
1726,24,True
1727,24,True
1728,24,True
1729,3,False
1730,24,True
1731,24,True
1732,24,True
1733,24,True
1737,24,True
1738,24,True
1739,24,True
1740,24,True
1741,24,True
1742,24,True
1743,24,True
1744,24,True
1745,24,True
1746,24,True
1747,24,True
1749,24,True
1750,24,True
1751,24,True
1752,24,True
1753,24,True
1754,24,True
1755,24,True
1756,24,True
1757,24,True
1758,24,True
1759,24,True
1760,24,True
1761,24,True
1762,24,True
1763,20,False
1764,24,True
1765,24,True
1766,24,True
1767,18,False
1768,24,True
1769,24,True
1770,24,True
1771,24,True
1772,3,False
1773,24,True
1774,24,True
1775,24,True
1776,24,True
1777,24,True
1778,24,True
1779,7,False
1780,24,True
1781,24,True
1782,24,True
1783,24,True
1784,24,True
1785,24,True
1786,24,True
1787,24,True
1788,24,True
1789,22,False
1845,24,True
1846,24,True
1847,12,False
1848,24,True
1849,24,True
1850,24,True
1851,24,True
1852,24,True
1853,24,True
1854,24,True
1855,24,True
1856,24,True
1857,24,True
1858,24,True
1859,24,True
1860,24,True
1861,24,True
1862,24,True
1863,24,True
1864,24,True
1865,24,True
1868,24,True
1869,24,True
1870,24,True
1871,24,True
1872,24,True
1873,24,True
1874,24,True
1875,24,True
1876,24,True
1877,24,True
1878,24,True
1879,24,True
1880,24,True
1881,24,True
1882,12,False
1883,24,True
1884,24,True
1885,24,True
1886,24,True
1887,24,True
1888,24,True
1889,24,True
1890,24,True
1891,24,True
1892,24,True
1893,24,True
1894,24,True
1895,24,True
1896,24,True
1897,24,True
1898,24,True
1899,24,True
1900,24,True
1901,24,True
1902,24,True
1903,24,True
1904,24,True
1905,24,True
1906,24,True
1907,24,True
1908,24,True
1909,24,True
1910,24,True
1912,24,True
1913,3,False
1915,24,True
1916,24,True
1917,24,True
1918,24,True
1919,24,True
1920,24,True
1921,24,True
1922,24,True
1923,24,True
1924,24,True
1925,24,True
1926,24,True
1927,24,True
1928,24,True
1929,24,True
1930,24,True
1931,24,True
1932,24,True
1933,24,True
1934,24,True
1935,24,True
1936,24,True
1937,24,True
1938,24,True
1939,24,True
1940,24,True
1941,24,True
1942,24,True
1943,24,True
1944,24,True
1945,24,True
1947,24,True
1948,24,True
1949,24,True
1950,24,True
1951,24,True
1952,24,True
1954,24,True
1955,24,True
1956,24,True
1957,24,True
1958,24,True
1959,24,True
1960,24,True
1961,24,True
1962,24,True
1963,24,True
1964,17,False
1965,24,True
1966,24,True
1967,24,True
1968,24,True
1969,24,True
1970,24,True
1971,24,True
1972,24,True
1973,24,True
1974,24,True
1975,24,True
1976,24,True
1977,24,True
1978,24,True
1979,24,True
1980,24,True
1981,24,True
1982,24,True
1983,24,True
1984,24,True
1985,24,True
1986,24,True
1987,24,True
1988,24,True
1989,24,True
1990,24,True
1991,24,True
1992,24,True
1993,24,True
1994,24,True
1995,24,True
1996,24,True
1997,24,True
1999,24,True
2000,24,True
2001,24,True
2002,24,True
2004,24,True
2005,24,True
2006,24,True
2007,24,True
2008,24,True
2009,24,True
2010,24,True
2011,24,True
2012,24,True
2015,24,True
2016,16,False
2017,24,True
2018,24,True
2019,24,True
2020,18,False
2021,24,True
2022,24,True
2023,24,True
2024,24,True
2025,24,True
2026,14,False
2027,24,True
2028,24,True
2029,16,False
2030,24,True
2031,24,True
2032,24,True
2033,24,True
2034,24,True
2035,24,True
2036,24,True
2037,24,True
2038,3,False
2039,24,True
2040,24,True
2041,24,True
2042,24,True
2043,24,True
2044,24,True
2045,24,True
2046,24,True
2047,24,True
2048,24,True
2049,24,True
2050,24,True
2051,24,True
2052,24,True
2053,24,True
2054,24,True
2055,24,True
2056,24,True
2057,24,True
2058,24,True
2059,24,True
2060,24,True
2061,24,True
2062,24,True
2063,24,True
2064,24,True
2065,24,True
2066,24,True
2067,24,True
2068,24,True
2069,24,True
2070,24,True
2072,24,True
2073,24,True
2074,24,True
2075,24,True
2076,24,True
2077,24,True
2078,24,True
2079,24,True
2080,24,True
2081,24,True
2082,24,True
2083,17,False
2085,24,True
2086,16,False
2087,24,True
2088,24,True
2089,24,True
2090,24,True
2091,24,True
2092,8,False
2093,24,True
2094,24,True
2095,24,True
2096,24,True
2098,24,True
2099,19,False
2100,24,True
2101,24,True
2105,24,True
2108,24,True
2109,24,True
2110,24,True
2111,24,True
2112,24,True
2113,24,True
2114,24,True
2116,24,True
2117,24,True
2118,24,True
2119,24,True
2120,24,True
2121,24,True
2122,24,True
2124,24,True
2125,24,True
2126,24,True
2127,24,True
2128,24,True
2129,24,True
2130,24,True
2131,24,True
2132,24,True
2133,24,True
2134,24,True
2136,24,True
2137,24,True
2138,24,True
2139,24,True
2140,24,True
2142,24,True
2143,24,True
2144,24,True
2145,24,True
2146,24,True
2148,24,True
2149,24,True
2150,24,True
2151,24,True
2152,24,True
2153,24,True
2154,24,True
2155,24,True
2156,24,True
2157,24,True
2158,24,True
2159,24,True
2160,24,True
2161,24,True
2162,24,True
2163,24,True
2164,24,True
2165,24,True
2166,14,False
2167,24,True
2168,24,True
2169,24,True
2170,17,False
2171,24,True
2172,24,True
2173,24,True
2174,24,True
2175,24,True
2176,24,True
2177,24,True
2178,24,True
2179,24,True
2180,24,True
2181,24,True
2182,24,True
2183,24,True
2184,24,True
2185,24,True
2186,24,True
2187,24,True
2188,24,True
2189,24,True
2190,24,True
2191,24,True
2192,24,True
2193,24,True
2194,24,True
2195,24,True
2196,24,True
2197,24,True
2198,24,True
2199,24,True
2200,24,True
2201,24,True
2202,24,True
2203,24,True
2204,24,True
2205,24,True
2206,24,True
2207,24,True
2208,24,True
2209,11,False
2210,24,True
2211,24,True
2212,24,True
2213,24,True
2214,4,False
2215,24,True
2216,24,True
2217,24,True
2218,24,True
2219,24,True
2220,24,True
2221,24,True
2222,24,True
2223,24,True
2224,24,True
2225,24,True
2226,24,True
2227,24,True
2228,24,True
2229,24,True
2230,24,True
2231,24,True
2232,24,True
2233,24,True
2234,24,True
2235,24,True
2236,24,True
2237,24,True
2238,24,True
2241,24,True
2242,24,True
2243,24,True
2244,24,True
2245,24,True
2248,24,True
2249,24,True
2250,24,True
2251,24,True
2252,24,True
2253,24,True
2254,24,True
2255,24,True
2256,24,True
2257,24,True
2258,24,True
2259,24,True
2260,24,True
2261,3,False
2262,24,True
2263,7,False
2264,24,True
2265,24,True
2266,24,True
2267,24,True
2268,24,True
2269,24,True
2270,24,True
2271,24,True
2272,24,True
2273,21,False
2274,24,True
2275,24,True
2276,24,True
2278,24,True
2279,24,True
2280,24,True
2281,24,True
2282,24,True
2286,24,True
2287,24,True
2288,24,True
2289,24,True
2291,13,False
2292,24,True
2293,24,True
2294,24,True
2295,24,True
2296,24,True
2297,24,True
2298,24,True
2299,24,True
2300,24,True
2301,24,True
2302,24,True
2303,24,True
2304,24,True
2305,24,True
2307,24,True
2308,24,True
2309,24,True
2310,24,True
2311,24,True
2312,24,True
2314,24,True
2315,24,True
2316,24,True
2317,24,True
2318,24,True
2320,24,True
2321,24,True
2322,24,True
2323,24,True
2324,24,True
2325,24,True
2326,24,True
2327,24,True
2328,24,True
2329,24,True
2330,24,True
2332,24,True
2333,24,True
2334,24,True
2335,24,True
2336,24,True
2337,24,True
2338,24,True
2339,24,True
2340,24,True
2341,24,True
2342,24,True
2343,24,True
2344,24,True
2345,24,True
2346,12,False
2347,12,False
2348,24,True
2349,24,True
2351,24,True
2352,24,True
2353,24,True
2354,24,True
2355,24,True
2356,24,True
2357,24,True
2358,24,True
2359,24,True
2360,24,True
2361,24,True
2362,24,True
2363,24,True
2364,24,True
2365,24,True
2366,24,True
2367,24,True
2368,24,True
2369,24,True
2370,24,True
2371,24,True
2372,24,True
2373,24,True
2374,24,True
2375,24,True
2376,24,True
2377,24,True
2378,24,True
2379,24,True
2380,24,True
2381,24,True
2382,24,True
2383,24,True
2384,24,True
2385,24,True
2386,24,True
2387,24,True
2388,24,True
2389,24,True
2390,24,True
2391,24,True
2392,24,True
2393,24,True
2394,18,False
2395,24,True
2397,17,False
2398,24,True
2399,24,True
2400,24,True
2401,24,True
2402,24,True
2403,24,True
2404,24,True
2405,24,True
2406,24,True
2407,24,True
2408,24,True
2409,24,True
2410,24,True
2411,24,True
2412,24,True
2416,24,True
2422,24,True
2423,24,True
2424,24,True
2425,24,True
2426,24,True
2427,24,True
2428,24,True
2429,24,True
2430,24,True
2431,24,True
2432,24,True
2433,24,True
2434,24,True
2435,24,True
2436,24,True
2437,24,True
2439,24,True
2440,24,True
2441,24,True
2442,24,True
2443,24,True
2444,24,True
2445,24,True
2446,24,True
2447,24,True
2448,1,False
2449,24,True
2450,24,True
2451,24,True
2452,24,True
2453,24,True
2454,24,True
2455,24,True
2456,24,True
2457,24,True
2458,24,True
2459,24,True
2460,24,True
2461,24,True
2462,24,True
2463,24,True
2464,24,True
2465,24,True
2466,24,True
2467,24,True
2468,24,True
2469,24,True
2470,24,True
2471,24,True
2472,24,True
2473,24,True
2474,24,True
2475,24,True
2476,24,True
2477,24,True
2478,24,True
2479,24,True
2480,24,True
2481,24,True
2482,24,True
2483,24,True
2484,24,True
2485,24,True
2486,24,True
2487,24,True
2488,24,True
2489,24,True
2490,24,True
2491,24,True
2492,24,True
2493,24,True
2494,24,True
2495,24,True
2496,24,True
2497,24,True
2498,24,True
2499,24,True
2500,24,True
2501,24,True
2502,24,True
2503,24,True
2504,24,True
2505,24,True
2506,24,True
2507,24,True
2508,24,True
2509,24,True
2510,24,True
2511,24,True
2512,24,True
2513,24,True
2514,24,True
2515,24,True
2516,24,True
2517,24,True
2518,24,True
2519,24,True
2520,24,True
2521,24,True
2522,24,True
2523,24,True
2524,24,True
2525,24,True
2526,24,True
2527,24,True
2528,24,True
2529,24,True
2530,24,True
2531,24,True
2532,24,True
2533,24,True
2534,24,True
2535,24,True
2536,24,True
2537,24,True
2538,24,True
2539,24,True
2540,24,True
2541,24,True
2542,24,True
2543,24,True
2544,24,True
2545,24,True
2546,24,True
2547,24,True
2548,24,True
2549,24,True
2550,24,True
2551,24,True
2552,24,True
2553,24,True
2554,24,True
2555,24,True
2556,24,True
2557,24,True
2558,24,True
2559,24,True
2560,24,True
2561,24,True
2562,24,True
2563,24,True
2564,24,True
2565,24,True
2566,24,True
2567,24,True
2568,24,True
2569,24,True
2570,24,True
2571,24,True
2572,24,True
2573,24,True
2574,24,True
2575,24,True
2576,24,True
2577,24,True
2578,24,True
2579,24,True
2580,24,True
2581,24,True
2582,24,True
2583,24,True
2584,24,True
2585,24,True
2586,24,True
2587,24,True
2588,24,True
2589,24,True
2590,24,True
2591,24,True
2592,24,True
2593,24,True
2594,10,False
2595,24,True
2596,24,True
2597,24,True
2598,24,True
2599,24,True
2600,24,True
2601,24,True
2602,24,True
2603,10,False
2604,24,True
2605,24,True
2606,24,True
2607,24,True
2618,24,True
2619,24,True
2620,24,True
2621,24,True
2644,24,True
2646,24,True
2647,24,True
2648,24,True
2649,24,True
2651,24,True
2652,24,True
2710,24,True
2808,24,True
2809,24,True
2813,24,True
2814,24,True
2872,24,True
2876,24,True
2879,24,True
2880,24,True
2881,24,True
2882,24,True
2883,24,True
2884,24,True
2885,24,True
2886,24,True
2887,24,True
3005,24,True
3007,24,True
3008,12,False
3009,24,True
3010,12,False
3011,24,True
3012,24,True
3013,24,True
3014,10,False
3101,10,False
